,From,To,Date
0,1,3,2006-11-02
1,1,4,2006-11-02
2,1,5,2006-11-02
3,1,6,2006-11-02
4,1,7,2006-11-02
5,1,8,2006-11-02
6,1,9,2006-11-02
7,1,794106,2006-11-02
8,1,1427826,2006-11-02
9,1,1427827,2006-11-02
10,2,3,2006-11-02
11,2,4,2006-11-02
12,2,7,2006-11-02
13,2,9,2006-11-02
14,2,23,2006-11-02
15,2,55,2006-11-02
16,2,175,2006-11-02
17,2,187,2006-11-02
18,2,270,2006-11-02
19,2,638,2006-11-02
20,2,645,2006-11-02
21,2,662,2006-11-02
22,2,695,2006-11-02
23,2,747,2006-11-02
24,2,919,2006-11-02
25,2,946,2006-11-02
26,2,983,2006-11-02
27,2,1005,2006-11-02
28,2,1088,2006-11-02
29,2,1114,2006-11-02
30,2,1142,2006-11-02
31,2,1150,2006-11-02
32,2,1187,2006-11-02
33,2,1208,2006-11-02
34,2,1324,2006-11-02
35,2,1383,2006-11-02
36,2,1467,2006-11-02
37,2,1546,2006-11-02
38,2,1575,2006-11-02
39,2,1637,2006-11-02
40,2,1906,2006-11-02
41,2,1952,2006-11-02
42,2,1955,2006-11-02
43,2,2040,2006-11-02
44,2,2085,2006-11-02
45,2,2099,2006-11-02
46,2,2122,2006-11-02
47,2,2225,2006-11-02
48,2,2226,2006-11-02
49,2,2293,2006-11-02
50,2,2364,2006-11-02
51,2,2439,2006-11-02
52,2,2508,2006-11-02
53,2,2712,2006-11-02
54,2,2944,2006-11-02
55,2,3041,2006-11-02
56,2,3061,2006-11-02
57,2,3167,2006-11-02
58,2,3177,2006-11-02
59,2,3339,2006-11-02
60,2,3417,2006-11-02
61,2,3566,2006-11-02
62,2,4132,2006-11-02
63,2,4203,2006-11-02
64,2,4241,2006-11-02
65,2,4250,2006-11-02
66,2,4408,2006-11-02
67,2,4464,2006-11-02
68,2,4531,2006-11-02
69,2,4589,2006-11-02
70,2,4603,2006-11-02
71,2,4644,2006-11-02
72,2,4654,2006-11-02
73,2,4686,2006-11-02
74,2,4769,2006-11-02
75,2,4893,2006-11-02
76,2,4918,2006-11-02
77,2,4973,2006-11-02
78,2,5210,2006-11-02
79,2,5649,2006-11-02
80,2,5658,2006-11-02
81,2,5798,2006-11-02
82,2,5846,2006-11-02
83,2,6186,2006-11-02
84,2,6242,2006-11-02
85,2,6643,2006-11-02
86,2,6880,2006-11-02
87,2,7100,2006-11-02
88,2,7130,2006-11-02
89,2,7153,2006-11-02
90,2,7257,2006-11-02
91,2,7268,2006-11-02
92,2,7278,2006-11-02
93,2,7342,2006-11-02
94,2,7373,2006-11-02
95,2,7729,2006-11-02
96,2,8014,2006-11-02
97,2,8057,2006-11-02
98,2,8096,2006-11-02
99,2,8148,2006-11-02
100,2,8244,2006-11-02
101,2,8361,2006-11-02
102,2,8506,2006-11-02
103,2,8674,2006-11-02
104,2,8974,2006-11-02
105,2,9578,2006-11-02
106,2,9751,2006-11-02
107,2,9763,2006-11-02
108,2,9795,2006-11-02
109,2,9845,2006-11-02
110,2,9950,2006-11-02
111,2,10002,2006-11-02
112,2,10130,2006-11-02
113,2,11229,2006-11-02
114,2,11400,2006-11-02
115,2,11570,2006-11-02
116,2,11627,2006-11-02
117,2,11760,2006-11-02
118,2,11887,2006-11-02
119,2,12014,2006-11-02
120,2,12206,2006-11-02
121,2,12219,2006-11-02
122,2,12641,2006-11-02
123,2,12947,2006-11-02
124,2,12971,2006-11-02
125,2,13012,2006-11-02
126,2,13039,2006-11-02
127,2,13087,2006-11-02
128,2,13126,2006-11-02
129,2,13168,2006-11-02
130,2,13390,2006-11-02
131,2,13558,2006-11-02
132,2,14193,2006-11-02
133,2,14269,2006-11-02
134,2,14380,2006-11-02
135,2,14649,2006-11-02
136,2,14785,2006-11-02
137,2,15129,2006-11-02
138,2,15486,2006-11-02
139,2,15732,2006-11-02
140,2,15739,2006-11-02
141,2,15849,2006-11-02
142,2,15863,2006-11-02
143,2,15868,2006-11-02
144,2,15871,2006-11-02
145,2,15872,2006-11-02
146,2,15874,2006-11-02
147,2,15876,2006-11-02
148,2,15877,2006-11-02
149,2,15884,2006-11-02
150,2,15885,2006-11-02
151,2,15886,2006-11-02
152,2,15887,2006-11-02
153,2,15890,2006-11-02
154,2,15891,2006-11-02
155,2,15894,2006-11-02
156,2,15895,2006-11-02
157,2,15904,2006-11-02
158,2,15905,2006-11-02
159,2,15908,2006-11-02
160,2,15911,2006-11-02
161,2,15919,2006-11-02
162,2,15922,2006-11-02
163,2,15925,2006-11-02
164,2,15941,2006-11-02
165,2,15946,2006-11-02
166,2,15954,2006-11-02
167,2,15960,2006-11-02
168,2,15961,2006-11-02
169,2,15962,2006-11-02
170,2,15967,2006-11-02
171,2,15971,2006-11-02
172,2,15972,2006-11-02
173,2,15973,2006-11-02
174,2,15976,2006-11-02
175,2,15979,2006-11-02
176,2,15983,2006-11-02
177,2,15990,2006-11-02
178,2,15991,2006-11-02
179,2,15994,2006-11-02
180,2,16000,2006-11-02
181,2,16003,2006-11-02
182,2,16008,2006-11-02
183,2,16014,2006-11-02
184,2,16016,2006-11-02
185,2,16018,2006-11-02
186,2,16019,2006-11-02
187,2,16021,2006-11-02
188,2,16025,2006-11-02
189,2,16135,2006-11-02
190,2,16553,2006-11-02
191,2,16970,2006-11-02
192,2,17525,2006-11-02
193,2,17546,2006-11-02
194,2,17613,2006-11-02
195,2,17616,2006-11-02
196,2,17762,2006-11-02
197,2,17820,2006-11-02
198,2,18068,2006-11-02
199,2,18397,2006-11-02
200,2,18592,2006-11-02
201,2,19124,2006-11-02
202,2,19476,2006-11-02
203,2,19520,2006-11-02
204,2,19556,2006-11-02
205,2,19708,2006-11-02
206,2,20635,2006-11-02
207,2,20773,2006-11-02
208,2,20774,2006-11-02
209,2,20789,2006-11-02
210,2,21395,2006-11-02
211,2,22366,2006-11-02
212,2,23230,2006-11-02
213,2,23638,2006-11-02
214,2,23675,2006-11-02
215,2,24637,2006-11-02
216,2,24704,2006-11-02
217,2,25943,2006-11-02
218,2,26978,2006-11-02
219,2,27014,2006-11-02
220,2,27023,2006-11-02
221,2,27599,2006-11-02
222,2,28658,2006-11-02
223,2,28837,2006-11-02
224,2,32660,2006-11-02
225,2,33309,2006-11-02
226,2,33918,2006-11-02
227,2,34203,2006-11-02
228,2,35015,2006-11-02
229,2,35154,2006-11-02
230,2,35559,2006-11-02
231,2,38548,2006-11-02
232,2,38584,2006-11-02
233,2,40025,2006-11-02
234,2,41077,2006-11-02
235,2,42526,2006-11-02
236,2,44298,2006-11-02
237,2,44759,2006-11-02
238,2,46262,2006-11-02
239,2,48980,2006-11-02
240,2,51357,2006-11-02
241,2,51829,2006-11-02
242,2,57671,2006-11-02
243,2,58143,2006-11-02
244,2,58502,2006-11-02
245,2,58504,2006-11-02
246,2,59442,2006-11-02
247,2,61050,2006-11-02
248,2,61595,2006-11-02
249,2,61668,2006-11-02
250,2,63102,2006-11-02
251,2,66882,2006-11-02
252,2,70487,2006-11-02
253,2,73989,2006-11-02
254,2,74212,2006-11-02
255,2,74471,2006-11-02
256,2,74474,2006-11-02
257,2,76923,2006-11-02
258,2,78656,2006-11-02
259,2,84743,2006-11-02
260,2,86081,2006-11-02
261,2,91937,2006-11-02
262,2,95010,2006-11-02
263,2,97660,2006-11-02
264,2,98195,2006-11-02
265,2,104875,2006-11-02
266,2,109455,2006-11-02
267,2,110828,2006-11-02
268,2,118528,2006-11-02
269,2,125944,2006-11-02
270,2,126509,2006-11-02
271,2,128131,2006-11-02
272,2,129975,2006-11-02
273,2,131289,2006-11-02
274,2,134278,2006-11-02
275,2,136529,2006-11-02
276,2,141300,2006-11-02
277,2,145069,2006-11-02
278,2,145316,2006-11-02
279,2,153356,2006-11-02
280,2,153357,2006-11-02
281,2,153358,2006-11-02
282,2,153359,2006-11-02
283,2,153360,2006-11-02
284,2,153362,2006-11-02
285,2,153363,2006-11-02
286,2,153364,2006-11-02
287,2,153365,2006-11-02
288,2,153366,2006-11-02
289,2,159362,2006-11-02
290,2,159646,2006-11-02
291,2,166067,2006-11-02
292,2,169455,2006-11-02
293,2,169736,2006-11-02
294,2,172146,2006-11-02
295,2,176624,2006-11-02
296,2,194815,2006-11-02
297,2,206760,2006-11-02
298,2,215470,2006-11-02
299,2,217380,2006-11-02
300,2,235739,2006-11-02
301,2,243158,2006-11-02
302,2,243238,2006-11-02
303,2,246171,2006-11-02
304,2,252314,2006-11-02
305,2,253928,2006-11-02
306,2,254896,2006-11-02
307,2,264162,2006-11-02
308,2,284377,2006-11-02
309,2,292796,2006-11-02
310,2,293980,2006-11-02
311,2,295908,2006-11-02
312,2,295909,2006-11-02
313,2,295910,2006-11-02
314,2,295911,2006-11-02
315,2,295912,2006-11-02
316,2,295913,2006-11-02
317,2,295914,2006-11-02
318,2,295915,2006-11-02
319,2,295916,2006-11-02
320,2,295917,2006-11-02
321,2,295918,2006-11-02
322,2,295919,2006-11-02
323,2,295920,2006-11-02
324,2,295922,2006-11-02
325,2,295923,2006-11-02
326,2,295924,2006-11-02
327,2,295926,2006-11-02
328,2,295927,2006-11-02
329,2,295928,2006-11-02
330,2,295929,2006-11-02
331,2,295930,2006-11-02
332,2,295931,2006-11-02
333,2,295932,2006-11-02
334,2,295935,2006-11-02
335,2,295936,2006-11-02
336,2,295937,2006-11-02
337,2,295938,2006-11-02
338,2,295939,2006-11-02
339,2,295940,2006-11-02
340,2,324210,2006-11-02
341,2,391240,2006-11-02
342,2,408148,2006-11-02
343,2,457243,2006-11-02
344,2,517587,2006-11-02
345,2,531521,2006-11-02
346,2,549071,2006-11-02
347,2,562716,2006-11-02
348,2,736871,2006-11-02
349,2,737509,2006-11-02
350,2,975929,2006-11-02
351,2,977071,2006-11-02
352,2,978040,2006-11-02
353,2,981228,2006-11-02
354,2,989526,2006-11-02
355,2,1001620,2006-11-02
356,2,1052064,2006-11-02
357,2,1055076,2006-11-02
358,2,1055100,2006-11-02
359,2,1055101,2006-11-02
360,2,1055103,2006-11-02
361,2,1104158,2006-11-02
362,2,1152522,2006-11-02
363,2,1156422,2006-11-02
364,2,1263383,2006-11-02
365,2,1271384,2006-11-02
366,2,1383736,2006-11-02
367,2,1419318,2006-11-02
368,2,1427413,2006-11-02
369,2,1427414,2006-11-02
370,2,1427415,2006-11-02
371,2,1427417,2006-11-02
372,3,2,2006-11-02
373,3,4,2006-11-02
374,3,10,2006-11-02
375,4,2,2006-11-02
376,4,3,2006-11-02
377,4,7,2006-11-02
378,4,9,2006-11-02
379,4,23,2006-11-02
380,4,55,2006-11-02
381,4,350,2006-11-02
382,4,461,2006-11-02
383,4,588,2006-11-02
384,4,618,2006-11-02
385,4,622,2006-11-02
386,4,697,2006-11-02
387,4,906,2006-11-02
388,4,926,2006-11-02
389,4,983,2006-11-02
390,4,1008,2006-11-02
391,4,1040,2006-11-02
392,4,1124,2006-11-02
393,4,1142,2006-11-02
394,4,1228,2006-11-02
395,4,1284,2006-11-02
396,4,1298,2006-11-02
397,4,1418,2006-11-02
398,4,1467,2006-11-02
399,4,1532,2006-11-02
400,4,1609,2006-11-02
401,4,1634,2006-11-02
402,4,1635,2006-11-02
403,4,1695,2006-11-02
404,4,1809,2006-11-02
405,4,1826,2006-11-02
406,4,1952,2006-11-02
407,4,2011,2006-11-02
408,4,2299,2006-11-02
409,4,2360,2006-11-02
410,4,2402,2006-11-02
411,4,2446,2006-11-02
412,4,2488,2006-11-02
413,4,2574,2006-11-02
414,4,2686,2006-11-02
415,4,2708,2006-11-02
416,4,2944,2006-11-02
417,4,3177,2006-11-02
418,4,3383,2006-11-02
419,4,3568,2006-11-02
420,4,3688,2006-11-02
421,4,4068,2006-11-02
422,4,4079,2006-11-02
423,4,4132,2006-11-02
424,4,4206,2006-11-02
425,4,4397,2006-11-02
426,4,4408,2006-11-02
427,4,4531,2006-11-02
428,4,4644,2006-11-02
429,4,4893,2006-11-02
430,4,5222,2006-11-02
431,4,5295,2006-11-02
432,4,5453,2006-11-02
433,4,5798,2006-11-02
434,4,6207,2006-11-02
435,4,6756,2006-11-02
436,4,6880,2006-11-02
437,4,7031,2006-11-02
438,4,7268,2006-11-02
439,4,8057,2006-11-02
440,4,8090,2006-11-02
441,4,8212,2006-11-02
442,4,8746,2006-11-02
443,4,8913,2006-11-02
444,4,9388,2006-11-02
445,4,10065,2006-11-02
446,4,10988,2006-11-02
447,4,11966,2006-11-02
448,4,11976,2006-11-02
449,4,12231,2006-11-02
450,4,12947,2006-11-02
451,4,12971,2006-11-02
452,4,13142,2006-11-02
453,4,13390,2006-11-02
454,4,13883,2006-11-02
455,4,14130,2006-11-02
456,4,14181,2006-11-02
457,4,14514,2006-11-02
458,4,14649,2006-11-02
459,4,14769,2006-11-02
460,4,14897,2006-11-02
461,4,14981,2006-11-02
462,4,15799,2006-11-02
463,4,15905,2006-11-02
464,4,15972,2006-11-02
465,4,16236,2006-11-02
466,4,17613,2006-11-02
467,4,17762,2006-11-02
468,4,18058,2006-11-02
469,4,19708,2006-11-02
470,4,20092,2006-11-02
471,4,21193,2006-11-02
472,4,22591,2006-11-02
473,4,24637,2006-11-02
474,4,27599,2006-11-02
475,4,30483,2006-11-02
476,4,35034,2006-11-02
477,4,40553,2006-11-02
478,4,52953,2006-11-02
479,4,68490,2006-11-02
480,4,74972,2006-11-02
481,4,76434,2006-11-02
482,4,131289,2006-11-02
483,4,134972,2006-11-02
484,4,141300,2006-11-02
485,4,153356,2006-11-02
486,4,153357,2006-11-02
487,4,153358,2006-11-02
488,4,153359,2006-11-02
489,4,153360,2006-11-02
490,4,153361,2006-11-02
491,4,153362,2006-11-02
492,4,153363,2006-11-02
493,4,153364,2006-11-02
494,4,153365,2006-11-02
495,4,153366,2006-11-02
496,4,154103,2006-11-02
497,4,163018,2006-11-02
498,4,268443,2006-11-02
499,4,295938,2006-11-02
500,4,737509,2006-11-02
501,4,977071,2006-11-02
502,4,1055100,2006-11-02
503,4,1133340,2006-11-02
504,4,1271185,2006-11-02
505,4,1340948,2006-11-02
506,4,1419318,2006-11-02
507,4,1427413,2006-11-02
508,4,1427415,2006-11-02
509,4,1427417,2006-11-02
510,4,1427846,2006-11-02
511,5,794106,2006-11-02
512,6,11,2006-11-02
513,6,12,2006-11-02
514,6,13,2006-11-02
515,6,14,2006-11-02
516,6,15,2006-11-02
517,6,16,2006-11-02
518,6,17,2006-11-02
519,6,18,2006-11-02
520,6,19,2006-11-02
521,6,20,2006-11-02
522,6,21,2006-11-02
523,6,22,2006-11-02
524,6,23,2006-11-02
525,6,24,2006-11-02
526,6,25,2006-11-02
527,6,26,2006-11-02
528,6,27,2006-11-02
529,6,28,2006-11-02
530,6,29,2006-11-02
531,6,30,2006-11-02
532,6,31,2006-11-02
533,6,32,2006-11-02
534,6,33,2006-11-02
535,6,34,2006-11-02
536,6,35,2006-11-02
537,6,36,2006-11-02
538,6,37,2006-11-02
539,6,38,2006-11-02
540,6,39,2006-11-02
541,6,40,2006-11-02
542,6,41,2006-11-02
543,6,42,2006-11-02
544,6,43,2006-11-02
545,6,45,2006-11-02
546,6,46,2006-11-02
547,6,47,2006-11-02
548,6,48,2006-11-02
549,6,49,2006-11-02
550,6,50,2006-11-02
551,6,51,2006-11-02
552,6,52,2006-11-02
553,6,53,2006-11-02
554,6,54,2006-11-02
555,6,55,2006-11-02
556,6,56,2006-11-02
557,6,57,2006-11-02
558,6,58,2006-11-02
559,6,59,2006-11-02
560,6,60,2006-11-02
561,6,61,2006-11-02
562,6,62,2006-11-02
563,6,63,2006-11-02
564,6,64,2006-11-02
565,6,65,2006-11-02
566,6,66,2006-11-02
567,6,67,2006-11-02
568,6,68,2006-11-02
569,6,69,2006-11-02
570,6,70,2006-11-02
571,6,71,2006-11-02
572,6,72,2006-11-02
573,6,73,2006-11-02
574,6,74,2006-11-02
575,6,75,2006-11-02
576,6,76,2006-11-02
577,6,77,2006-11-02
578,6,78,2006-11-02
579,6,79,2006-11-02
580,6,80,2006-11-02
581,6,81,2006-11-02
582,6,82,2006-11-02
583,6,83,2006-11-02
584,6,84,2006-11-02
585,6,85,2006-11-02
586,6,86,2006-11-02
587,6,87,2006-11-02
588,6,88,2006-11-02
589,6,89,2006-11-02
590,6,90,2006-11-02
591,6,91,2006-11-02
592,6,92,2006-11-02
593,6,93,2006-11-02
594,6,94,2006-11-02
595,6,95,2006-11-02
596,6,96,2006-11-02
597,6,97,2006-11-02
598,6,98,2006-11-02
599,6,99,2006-11-02
600,6,100,2006-11-02
601,6,101,2006-11-02
602,6,102,2006-11-02
603,6,103,2006-11-02
604,6,104,2006-11-02
605,6,105,2006-11-02
606,6,106,2006-11-02
607,6,107,2006-11-02
608,6,108,2006-11-02
609,6,109,2006-11-02
610,6,110,2006-11-02
611,6,111,2006-11-02
612,6,112,2006-11-02
613,6,113,2006-11-02
614,6,114,2006-11-02
615,6,115,2006-11-02
616,6,116,2006-11-02
617,6,117,2006-11-02
618,6,118,2006-11-02
619,6,119,2006-11-02
620,6,120,2006-11-02
621,6,121,2006-11-02
622,6,122,2006-11-02
623,6,123,2006-11-02
624,6,124,2006-11-02
625,6,125,2006-11-02
626,6,126,2006-11-02
627,6,127,2006-11-02
628,6,128,2006-11-02
629,6,129,2006-11-02
630,6,130,2006-11-02
631,6,131,2006-11-02
632,6,132,2006-11-02
633,6,133,2006-11-02
634,6,134,2006-11-02
635,6,135,2006-11-02
636,6,136,2006-11-02
637,6,137,2006-11-02
638,6,138,2006-11-02
639,6,139,2006-11-02
640,6,140,2006-11-02
641,6,141,2006-11-02
642,6,142,2006-11-02
643,6,143,2006-11-02
644,6,144,2006-11-02
645,6,145,2006-11-02
646,6,146,2006-11-02
647,6,147,2006-11-02
648,6,148,2006-11-02
649,6,149,2006-11-02
650,6,150,2006-11-02
651,6,151,2006-11-02
652,6,152,2006-11-02
653,6,153,2006-11-02
654,6,154,2006-11-02
655,6,155,2006-11-02
656,6,156,2006-11-02
657,6,157,2006-11-02
658,6,158,2006-11-02
659,6,159,2006-11-02
660,6,160,2006-11-02
661,6,161,2006-11-02
662,6,162,2006-11-02
663,6,163,2006-11-02
664,6,165,2006-11-02
665,6,166,2006-11-02
666,6,167,2006-11-02
667,6,168,2006-11-02
668,6,169,2006-11-02
669,6,170,2006-11-02
670,6,171,2006-11-02
671,6,172,2006-11-02
672,6,173,2006-11-02
673,6,174,2006-11-02
674,6,175,2006-11-02
675,6,176,2006-11-02
676,6,177,2006-11-02
677,6,178,2006-11-02
678,6,179,2006-11-02
679,6,180,2006-11-02
680,6,181,2006-11-02
681,6,182,2006-11-02
682,6,183,2006-11-02
683,6,184,2006-11-02
684,6,185,2006-11-02
685,6,186,2006-11-02
686,6,187,2006-11-02
687,6,188,2006-11-02
688,6,189,2006-11-02
689,6,190,2006-11-02
690,6,191,2006-11-02
691,6,192,2006-11-02
692,6,193,2006-11-02
693,6,194,2006-11-02
694,6,195,2006-11-02
695,6,196,2006-11-02
696,6,197,2006-11-02
697,6,198,2006-11-02
698,6,199,2006-11-02
699,6,200,2006-11-02
700,6,201,2006-11-02
701,6,202,2006-11-02
702,6,203,2006-11-02
703,6,204,2006-11-02
704,6,205,2006-11-02
705,6,206,2006-11-02
706,6,207,2006-11-02
707,6,208,2006-11-02
708,6,209,2006-11-02
709,6,210,2006-11-02
710,6,211,2006-11-02
711,6,212,2006-11-02
712,6,213,2006-11-02
713,6,214,2006-11-02
714,6,215,2006-11-02
715,6,216,2006-11-02
716,6,217,2006-11-02
717,6,218,2006-11-02
718,6,219,2006-11-02
719,6,220,2006-11-02
720,6,221,2006-11-02
721,6,222,2006-11-02
722,6,223,2006-11-02
723,6,224,2006-11-02
724,6,225,2006-11-02
725,6,226,2006-11-02
726,6,227,2006-11-02
727,6,228,2006-11-02
728,6,229,2006-11-02
729,6,230,2006-11-02
730,6,231,2006-11-02
731,6,232,2006-11-02
732,6,233,2006-11-02
733,6,234,2006-11-02
734,6,235,2006-11-02
735,6,236,2006-11-02
736,6,237,2006-11-02
737,6,238,2006-11-02
738,6,239,2006-11-02
739,6,240,2006-11-02
740,6,241,2006-11-02
741,6,242,2006-11-02
742,6,243,2006-11-02
743,6,244,2006-11-02
744,6,245,2006-11-02
745,6,246,2006-11-02
746,6,247,2006-11-02
747,6,248,2006-11-02
748,6,249,2006-11-02
749,6,250,2006-11-02
750,6,251,2006-11-02
751,6,252,2006-11-02
752,6,253,2006-11-02
753,6,254,2006-11-02
754,6,255,2006-11-02
755,6,256,2006-11-02
756,6,257,2006-11-02
757,6,258,2006-11-02
758,6,259,2006-11-02
759,6,260,2006-11-02
760,6,261,2006-11-02
761,6,262,2006-11-02
762,6,263,2006-11-02
763,6,264,2006-11-02
764,6,265,2006-11-02
765,6,266,2006-11-02
766,6,267,2006-11-02
767,6,268,2006-11-02
768,6,269,2006-11-02
769,6,270,2006-11-02
770,6,271,2006-11-02
771,6,272,2006-11-02
772,6,273,2006-11-02
773,6,274,2006-11-02
774,6,275,2006-11-02
775,6,276,2006-11-02
776,6,277,2006-11-02
777,6,278,2006-11-02
778,6,279,2006-11-02
779,6,280,2006-11-02
780,6,281,2006-11-02
781,6,282,2006-11-02
782,6,283,2006-11-02
783,6,284,2006-11-02
784,6,285,2006-11-02
785,6,286,2006-11-02
786,6,287,2006-11-02
787,6,288,2006-11-02
788,6,289,2006-11-02
789,6,290,2006-11-02
790,6,291,2006-11-02
791,6,292,2006-11-02
792,6,293,2006-11-02
793,6,294,2006-11-02
794,6,295,2006-11-02
795,6,296,2006-11-02
796,6,297,2006-11-02
797,6,298,2006-11-02
798,6,299,2006-11-02
799,6,300,2006-11-02
800,6,301,2006-11-02
801,6,302,2006-11-02
802,6,303,2006-11-02
803,6,304,2006-11-02
804,6,305,2006-11-02
805,6,306,2006-11-02
806,6,307,2006-11-02
807,6,308,2006-11-02
808,6,309,2006-11-02
809,6,310,2006-11-02
810,6,311,2006-11-02
811,6,312,2006-11-02
812,6,313,2006-11-02
813,6,314,2006-11-02
814,6,315,2006-11-02
815,6,316,2006-11-02
816,6,317,2006-11-02
817,6,318,2006-11-02
818,6,319,2006-11-02
819,6,320,2006-11-02
820,6,321,2006-11-02
821,6,322,2006-11-02
822,6,323,2006-11-02
823,6,324,2006-11-02
824,6,325,2006-11-02
825,6,327,2006-11-02
826,6,328,2006-11-02
827,6,329,2006-11-02
828,6,330,2006-11-02
829,6,331,2006-11-02
830,6,332,2006-11-02
831,6,333,2006-11-02
832,6,334,2006-11-02
833,6,335,2006-11-02
834,6,336,2006-11-02
835,6,337,2006-11-02
836,6,338,2006-11-02
837,6,339,2006-11-02
838,6,340,2006-11-02
839,6,341,2006-11-02
840,6,342,2006-11-02
841,6,343,2006-11-02
842,6,344,2006-11-02
843,6,345,2006-11-02
844,6,346,2006-11-02
845,6,3574,2006-11-02
846,6,4492,2006-11-02
847,6,5235,2006-11-02
848,6,8811,2006-11-02
849,6,10160,2006-11-02
850,6,11451,2006-11-02
851,6,16404,2006-11-02
852,6,19188,2006-11-02
853,6,19328,2006-11-02
854,6,19340,2006-11-02
855,6,19362,2006-11-02
856,6,19400,2006-11-02
857,6,23062,2006-11-02
858,6,46074,2006-11-02
859,6,50540,2006-11-02
860,6,60551,2006-11-02
861,6,68362,2006-11-02
862,6,120703,2006-11-02
863,6,153172,2006-11-02
864,6,184742,2006-11-02
865,6,214438,2006-11-02
866,6,239315,2006-11-02
867,6,259406,2006-11-02
868,6,259407,2006-11-02
869,6,301988,2006-11-02
870,6,340215,2006-11-02
871,6,537726,2006-11-02
872,6,575136,2006-11-02
873,6,575137,2006-11-02
874,6,585667,2006-11-02
875,6,594687,2006-11-02
876,6,974885,2006-11-02
877,6,976250,2006-11-02
878,6,979534,2006-11-02
879,6,985130,2006-11-02
880,6,1013301,2006-11-02
881,6,1013322,2006-11-02
882,6,1131667,2006-11-02
883,6,1143563,2006-11-02
884,6,1143569,2006-11-02
885,6,1383501,2006-11-02
886,6,1427496,2006-11-02
887,6,1427497,2006-11-02
888,7,16,2006-11-02
889,7,23,2006-11-02
890,7,35,2006-11-02
891,7,43,2006-11-02
892,7,55,2006-11-02
893,7,56,2006-11-02
894,7,58,2006-11-02
895,7,68,2006-11-02
896,7,92,2006-11-02
897,7,95,2006-11-02
898,7,96,2006-11-02
899,7,98,2006-11-02
900,7,104,2006-11-02
901,7,110,2006-11-02
902,7,115,2006-11-02
903,7,118,2006-11-02
904,7,119,2006-11-02
905,7,122,2006-11-02
906,7,133,2006-11-02
907,7,148,2006-11-02
908,7,182,2006-11-02
909,7,196,2006-11-02
910,7,204,2006-11-02
911,7,212,2006-11-02
912,7,218,2006-11-02
913,7,227,2006-11-02
914,7,228,2006-11-02
915,7,248,2006-11-02
916,7,251,2006-11-02
917,7,255,2006-11-02
918,7,270,2006-11-02
919,7,275,2006-11-02
920,7,296,2006-11-02
921,7,306,2006-11-02
922,7,321,2006-11-02
923,7,343,2006-11-02
924,7,347,2006-11-02
925,7,361,2006-11-02
926,7,374,2006-11-02
927,7,376,2006-11-02
928,7,391,2006-11-02
929,7,419,2006-11-02
930,7,424,2006-11-02
931,7,450,2006-11-02
932,7,451,2006-11-02
933,7,453,2006-11-02
934,7,472,2006-11-02
935,7,477,2006-11-02
936,7,491,2006-11-02
937,7,493,2006-11-02
938,7,502,2006-11-02
939,7,514,2006-11-02
940,7,538,2006-11-02
941,7,540,2006-11-02
942,7,576,2006-11-02
943,7,581,2006-11-02
944,7,588,2006-11-02
945,7,589,2006-11-02
946,7,600,2006-11-02
947,7,601,2006-11-02
948,7,613,2006-11-02
949,7,622,2006-11-02
950,7,629,2006-11-02
951,7,636,2006-11-02
952,7,645,2006-11-02
953,7,647,2006-11-02
954,7,664,2006-11-02
955,7,674,2006-11-02
956,7,675,2006-11-02
957,7,676,2006-11-02
958,7,695,2006-11-02
959,7,697,2006-11-02
960,7,706,2006-11-02
961,7,724,2006-11-02
962,7,736,2006-11-02
963,7,738,2006-11-02
964,7,739,2006-11-02
965,7,740,2006-11-02
966,7,747,2006-11-02
967,7,759,2006-11-02
968,7,766,2006-11-02
969,7,767,2006-11-02
970,7,770,2006-11-02
971,7,830,2006-11-02
972,7,834,2006-11-02
973,7,836,2006-11-02
974,7,837,2006-11-02
975,7,838,2006-11-02
976,7,844,2006-11-02
977,7,869,2006-11-02
978,7,883,2006-11-02
979,7,888,2006-11-02
980,7,892,2006-11-02
981,7,905,2006-11-02
982,7,919,2006-11-02
983,7,924,2006-11-02
984,7,926,2006-11-02
985,7,929,2006-11-02
986,7,938,2006-11-02
987,7,947,2006-11-02
988,7,954,2006-11-02
989,7,967,2006-11-02
990,7,968,2006-11-02
991,7,969,2006-11-02
992,7,971,2006-11-02
993,7,972,2006-11-02
994,7,973,2006-11-02
995,7,974,2006-11-02
996,7,976,2006-11-02
997,7,980,2006-11-02
998,7,982,2006-11-02
999,7,984,2006-11-02
1000,7,985,2006-11-02
1001,7,987,2006-11-02
1002,7,988,2006-11-02
1003,7,989,2006-11-02
1004,7,992,2006-11-02
1005,7,995,2006-11-02
1006,7,999,2006-11-02
1007,7,1003,2006-11-02
1008,7,1006,2006-11-02
1009,7,1011,2006-11-02
1010,7,1012,2006-11-02
1011,7,1013,2006-11-02
1012,7,1014,2006-11-02
1013,7,1015,2006-11-02
1014,7,1029,2006-11-02
1015,7,1032,2006-11-02
1016,7,1036,2006-11-02
1017,7,1040,2006-11-02
1018,7,1043,2006-11-02
1019,7,1049,2006-11-02
1020,7,1057,2006-11-02
1021,7,1059,2006-11-02
1022,7,1062,2006-11-02
1023,7,1066,2006-11-02
1024,7,1073,2006-11-02
1025,7,1079,2006-11-02
1026,7,1087,2006-11-02
1027,7,1090,2006-11-02
1028,7,1091,2006-11-02
1029,7,1093,2006-11-02
1030,7,1094,2006-11-02
1031,7,1115,2006-11-02
1032,7,1117,2006-11-02
1033,7,1119,2006-11-02
1034,7,1120,2006-11-02
1035,7,1124,2006-11-02
1036,7,1130,2006-11-02
1037,7,1134,2006-11-02
1038,7,1138,2006-11-02
1039,7,1140,2006-11-02
1040,7,1145,2006-11-02
1041,7,1150,2006-11-02
1042,7,1157,2006-11-02
1043,7,1159,2006-11-02
1044,7,1161,2006-11-02
1045,7,1164,2006-11-02
1046,7,1172,2006-11-02
1047,7,1173,2006-11-02
1048,7,1174,2006-11-02
1049,7,1178,2006-11-02
1050,7,1184,2006-11-02
1051,7,1192,2006-11-02
1052,7,1194,2006-11-02
1053,7,1195,2006-11-02
1054,7,1198,2006-11-02
1055,7,1202,2006-11-02
1056,7,1216,2006-11-02
1057,7,1218,2006-11-02
1058,7,1220,2006-11-02
1059,7,1223,2006-11-02
1060,7,1226,2006-11-02
1061,7,1228,2006-11-02
1062,7,1229,2006-11-02
1063,7,1241,2006-11-02
1064,7,1242,2006-11-02
1065,7,1246,2006-11-02
1066,7,1255,2006-11-02
1067,7,1256,2006-11-02
1068,7,1265,2006-11-02
1069,7,1267,2006-11-02
1070,7,1272,2006-11-02
1071,7,1276,2006-11-02
1072,7,1279,2006-11-02
1073,7,1281,2006-11-02
1074,7,1283,2006-11-02
1075,7,1288,2006-11-02
1076,7,1295,2006-11-02
1077,7,1299,2006-11-02
1078,7,1303,2006-11-02
1079,7,1312,2006-11-02
1080,7,1317,2006-11-02
1081,7,1320,2006-11-02
1082,7,1331,2006-11-02
1083,7,1333,2006-11-02
1084,7,1342,2006-11-02
1085,7,1345,2006-11-02
1086,7,1354,2006-11-02
1087,7,1356,2006-11-02
1088,7,1385,2006-11-02
1089,7,1394,2006-11-02
1090,7,1395,2006-11-02
1091,7,1396,2006-11-02
1092,7,1404,2006-11-02
1093,7,1405,2006-11-02
1094,7,1408,2006-11-02
1095,7,1409,2006-11-02
1096,7,1410,2006-11-02
1097,7,1418,2006-11-02
1098,7,1425,2006-11-02
1099,7,1426,2006-11-02
1100,7,1427,2006-11-02
1101,7,1442,2006-11-02
1102,7,1444,2006-11-02
1103,7,1457,2006-11-02
1104,7,1460,2006-11-02
1105,7,1467,2006-11-02
1106,7,1468,2006-11-02
1107,7,1474,2006-11-02
1108,7,1476,2006-11-02
1109,7,1477,2006-11-02
1110,7,1488,2006-11-02
1111,7,1502,2006-11-02
1112,7,1510,2006-11-02
1113,7,1513,2006-11-02
1114,7,1514,2006-11-02
1115,7,1525,2006-11-02
1116,7,1527,2006-11-02
1117,7,1532,2006-11-02
1118,7,1536,2006-11-02
1119,7,1559,2006-11-02
1120,7,1566,2006-11-02
1121,7,1591,2006-11-02
1122,7,1595,2006-11-02
1123,7,1605,2006-11-02
1124,7,1612,2006-11-02
1125,7,1616,2006-11-02
1126,7,1634,2006-11-02
1127,7,1635,2006-11-02
1128,7,1637,2006-11-02
1129,7,1641,2006-11-02
1130,7,1648,2006-11-02
1131,7,1665,2006-11-02
1132,7,1667,2006-11-02
1133,7,1672,2006-11-02
1134,7,1674,2006-11-02
1135,7,1675,2006-11-02
1136,7,1677,2006-11-02
1137,7,1690,2006-11-02
1138,7,1691,2006-11-02
1139,7,1692,2006-11-02
1140,7,1694,2006-11-02
1141,7,1695,2006-11-02
1142,7,1703,2006-11-02
1143,7,1709,2006-11-02
1144,7,1713,2006-11-02
1145,7,1721,2006-11-02
1146,7,1722,2006-11-02
1147,7,1725,2006-11-02
1148,7,1734,2006-11-02
1149,7,1745,2006-11-02
1150,7,1769,2006-11-02
1151,7,1775,2006-11-02
1152,7,1808,2006-11-02
1153,7,1826,2006-11-02
1154,7,1868,2006-11-02
1155,7,1870,2006-11-02
1156,7,1893,2006-11-02
1157,7,1901,2006-11-02
1158,7,1910,2006-11-02
1159,7,1952,2006-11-02
1160,7,1986,2006-11-02
1161,7,2014,2006-11-02
1162,7,2024,2006-11-02
1163,7,2029,2006-11-02
1164,7,2037,2006-11-02
1165,7,2039,2006-11-02
1166,7,2042,2006-11-02
1167,7,2052,2006-11-02
1168,7,2054,2006-11-02
1169,7,2068,2006-11-02
1170,7,2079,2006-11-02
1171,7,2137,2006-11-02
1172,7,2161,2006-11-02
1173,7,2173,2006-11-02
1174,7,2214,2006-11-02
1175,7,2220,2006-11-02
1176,7,2236,2006-11-02
1177,7,2240,2006-11-02
1178,7,2247,2006-11-02
1179,7,2251,2006-11-02
1180,7,2260,2006-11-02
1181,7,2274,2006-11-02
1182,7,2289,2006-11-02
1183,7,2297,2006-11-02
1184,7,2299,2006-11-02
1185,7,2307,2006-11-02
1186,7,2341,2006-11-02
1187,7,2342,2006-11-02
1188,7,2364,2006-11-02
1189,7,2365,2006-11-02
1190,7,2370,2006-11-02
1191,7,2388,2006-11-02
1192,7,2392,2006-11-02
1193,7,2400,2006-11-02
1194,7,2402,2006-11-02
1195,7,2408,2006-11-02
1196,7,2414,2006-11-02
1197,7,2416,2006-11-02
1198,7,2418,2006-11-02
1199,7,2432,2006-11-02
1200,7,2433,2006-11-02
1201,7,2435,2006-11-02
1202,7,2436,2006-11-02
1203,7,2437,2006-11-02
1204,7,2458,2006-11-02
1205,7,2462,2006-11-02
1206,7,2466,2006-11-02
1207,7,2471,2006-11-02
1208,7,2485,2006-11-02
1209,7,2488,2006-11-02
1210,7,2508,2006-11-02
1211,7,2520,2006-11-02
1212,7,2541,2006-11-02
1213,7,2548,2006-11-02
1214,7,2551,2006-11-02
1215,7,2564,2006-11-02
1216,7,2596,2006-11-02
1217,7,2598,2006-11-02
1218,7,2623,2006-11-02
1219,7,2639,2006-11-02
1220,7,2640,2006-11-02
1221,7,2655,2006-11-02
1222,7,2657,2006-11-02
1223,7,2666,2006-11-02
1224,7,2693,2006-11-02
1225,7,2699,2006-11-02
1226,7,2738,2006-11-02
1227,7,2754,2006-11-02
1228,7,2765,2006-11-02
1229,7,2827,2006-11-02
1230,7,2864,2006-11-02
1231,7,2918,2006-11-02
1232,7,2985,2006-11-02
1233,7,3011,2006-11-02
1234,7,3041,2006-11-02
1235,7,3043,2006-11-02
1236,7,3059,2006-11-02
1237,7,3060,2006-11-02
1238,7,3086,2006-11-02
1239,7,3093,2006-11-02
1240,7,3096,2006-11-02
1241,7,3097,2006-11-02
1242,7,3117,2006-11-02
1243,7,3123,2006-11-02
1244,7,3126,2006-11-02
1245,7,3141,2006-11-02
1246,7,3147,2006-11-02
1247,7,3175,2006-11-02
1248,7,3177,2006-11-02
1249,7,3198,2006-11-02
1250,7,3221,2006-11-02
1251,7,3282,2006-11-02
1252,7,3294,2006-11-02
1253,7,3307,2006-11-02
1254,7,3311,2006-11-02
1255,7,3345,2006-11-02
1256,7,3355,2006-11-02
1257,7,3370,2006-11-02
1258,7,3374,2006-11-02
1259,7,3383,2006-11-02
1260,7,3393,2006-11-02
1261,7,3399,2006-11-02
1262,7,3408,2006-11-02
1263,7,3451,2006-11-02
1264,7,3489,2006-11-02
1265,7,3506,2006-11-02
1266,7,3511,2006-11-02
1267,7,3521,2006-11-02
1268,7,3528,2006-11-02
1269,7,3542,2006-11-02
1270,7,3551,2006-11-02
1271,7,3555,2006-11-02
1272,7,3564,2006-11-02
1273,7,3566,2006-11-02
1274,7,3568,2006-11-02
1275,7,3583,2006-11-02
1276,7,3584,2006-11-02
1277,7,3591,2006-11-02
1278,7,3595,2006-11-02
1279,7,3599,2006-11-02
1280,7,3612,2006-11-02
1281,7,3667,2006-11-02
1282,7,3675,2006-11-02
1283,7,3700,2006-11-02
1284,7,3731,2006-11-02
1285,7,3732,2006-11-02
1286,7,3766,2006-11-02
1287,7,3816,2006-11-02
1288,7,3848,2006-11-02
1289,7,4059,2006-11-02
1290,7,4061,2006-11-02
1291,7,4062,2006-11-02
1292,7,4064,2006-11-02
1293,7,4074,2006-11-02
1294,7,4084,2006-11-02
1295,7,4094,2006-11-02
1296,7,4106,2006-11-02
1297,7,4109,2006-11-02
1298,7,4125,2006-11-02
1299,7,4128,2006-11-02
1300,7,4131,2006-11-02
1301,7,4135,2006-11-02
1302,7,4144,2006-11-02
1303,7,4150,2006-11-02
1304,7,4158,2006-11-02
1305,7,4184,2006-11-02
1306,7,4185,2006-11-02
1307,7,4195,2006-11-02
1308,7,4201,2006-11-02
1309,7,4204,2006-11-02
1310,7,4215,2006-11-02
1311,7,4220,2006-11-02
1312,7,4237,2006-11-02
1313,7,4249,2006-11-02
1314,7,4250,2006-11-02
1315,7,4271,2006-11-02
1316,7,4282,2006-11-02
1317,7,4419,2006-11-02
1318,7,4552,2006-11-02
1319,7,4554,2006-11-02
1320,7,4573,2006-11-02
1321,7,4574,2006-11-02
1322,7,4594,2006-11-02
1323,7,4612,2006-11-02
1324,7,4613,2006-11-02
1325,7,4619,2006-11-02
1326,7,4644,2006-11-02
1327,7,4659,2006-11-02
1328,7,4663,2006-11-02
1329,7,4686,2006-11-02
1330,7,4696,2006-11-02
1331,7,4697,2006-11-02
1332,7,4732,2006-11-02
1333,7,4750,2006-11-02
1334,7,4767,2006-11-02
1335,7,4776,2006-11-02
1336,7,4816,2006-11-02
1337,7,4837,2006-11-02
1338,7,4855,2006-11-02
1339,7,4879,2006-11-02
1340,7,4881,2006-11-02
1341,7,4894,2006-11-02
1342,7,4901,2006-11-02
1343,7,4923,2006-11-02
1344,7,4941,2006-11-02
1345,7,4954,2006-11-02
1346,7,4965,2006-11-02
1347,7,5164,2006-11-02
1348,7,5186,2006-11-02
1349,7,5194,2006-11-02
1350,7,5209,2006-11-02
1351,7,5217,2006-11-02
1352,7,5219,2006-11-02
1353,7,5224,2006-11-02
1354,7,5235,2006-11-02
1355,7,5247,2006-11-02
1356,7,5251,2006-11-02
1357,7,5263,2006-11-02
1358,7,5265,2006-11-02
1359,7,5335,2006-11-02
1360,7,5344,2006-11-02
1361,7,5355,2006-11-02
1362,7,5386,2006-11-02
1363,7,5404,2006-11-02
1364,7,5422,2006-11-02
1365,7,5475,2006-11-02
1366,7,5480,2006-11-02
1367,7,5492,2006-11-02
1368,7,5525,2006-11-02
1369,7,5551,2006-11-02
1370,7,5600,2006-11-02
1371,7,5602,2006-11-02
1372,7,5612,2006-11-02
1373,7,5649,2006-11-02
1374,7,5819,2006-11-02
1375,7,6026,2006-11-02
1376,7,6095,2006-11-02
1377,7,6108,2006-11-02
1378,7,6145,2006-11-02
1379,7,6162,2006-11-02
1380,7,6167,2006-11-02
1381,7,6171,2006-11-02
1382,7,6197,2006-11-02
1383,7,6209,2006-11-02
1384,7,6315,2006-11-02
1385,7,6334,2006-11-02
1386,7,6335,2006-11-02
1387,7,6358,2006-11-02
1388,7,6361,2006-11-02
1389,7,6446,2006-11-02
1390,7,6497,2006-11-02
1391,7,6534,2006-11-02
1392,7,6754,2006-11-02
1393,7,6776,2006-11-02
1394,7,6779,2006-11-02
1395,7,6799,2006-11-02
1396,7,6822,2006-11-02
1397,7,6864,2006-11-02
1398,7,6902,2006-11-02
1399,7,6942,2006-11-02
1400,7,6957,2006-11-02
1401,7,6958,2006-11-02
1402,7,6970,2006-11-02
1403,7,7023,2006-11-02
1404,7,7047,2006-11-02
1405,7,7048,2006-11-02
1406,7,7130,2006-11-02
1407,7,7150,2006-11-02
1408,7,7173,2006-11-02
1409,7,7179,2006-11-02
1410,7,7233,2006-11-02
1411,7,7241,2006-11-02
1412,7,7304,2006-11-02
1413,7,7398,2006-11-02
1414,7,7400,2006-11-02
1415,7,7450,2006-11-02
1416,7,7453,2006-11-02
1417,7,7457,2006-11-02
1418,7,7579,2006-11-02
1419,7,7607,2006-11-02
1420,7,7626,2006-11-02
1421,7,7635,2006-11-02
1422,7,7652,2006-11-02
1423,7,7653,2006-11-02
1424,7,7679,2006-11-02
1425,7,7755,2006-11-02
1426,7,7762,2006-11-02
1427,7,7830,2006-11-02
1428,7,8001,2006-11-02
1429,7,8009,2006-11-02
1430,7,8014,2006-11-02
1431,7,8017,2006-11-02
1432,7,8035,2006-11-02
1433,7,8090,2006-11-02
1434,7,8211,2006-11-02
1435,7,8343,2006-11-02
1436,7,8390,2006-11-02
1437,7,8414,2006-11-02
1438,7,8563,2006-11-02
1439,7,8598,2006-11-02
1440,7,8626,2006-11-02
1441,7,8627,2006-11-02
1442,7,8629,2006-11-02
1443,7,8658,2006-11-02
1444,7,8707,2006-11-02
1445,7,8741,2006-11-02
1446,7,8907,2006-11-02
1447,7,8916,2006-11-02
1448,7,8926,2006-11-02
1449,7,9116,2006-11-02
1450,7,9123,2006-11-02
1451,7,9703,2006-11-02
1452,7,9747,2006-11-02
1453,7,9755,2006-11-02
1454,7,9760,2006-11-02
1455,7,9951,2006-11-02
1456,7,9959,2006-11-02
1457,7,9995,2006-11-02
1458,7,10002,2006-11-02
1459,7,10081,2006-11-02
1460,7,10092,2006-11-02
1461,7,10094,2006-11-02
1462,7,10100,2006-11-02
1463,7,10112,2006-11-02
1464,7,10116,2006-11-02
1465,7,10135,2006-11-02
1466,7,10140,2006-11-02
1467,7,10147,2006-11-02
1468,7,10156,2006-11-02
1469,7,10167,2006-11-02
1470,7,10170,2006-11-02
1471,7,10206,2006-11-02
1472,7,10222,2006-11-02
1473,7,10239,2006-11-02
1474,7,10280,2006-11-02
1475,7,10291,2006-11-02
1476,7,10320,2006-11-02
1477,7,10356,2006-11-02
1478,7,10361,2006-11-02
1479,7,10372,2006-11-02
1480,7,10378,2006-11-02
1481,7,10385,2006-11-02
1482,7,10389,2006-11-02
1483,7,10396,2006-11-02
1484,7,10398,2006-11-02
1485,7,10399,2006-11-02
1486,7,10404,2006-11-02
1487,7,10408,2006-11-02
1488,7,10421,2006-11-02
1489,7,10422,2006-11-02
1490,7,10423,2006-11-02
1491,7,10617,2006-11-02
1492,7,10638,2006-11-02
1493,7,10640,2006-11-02
1494,7,10667,2006-11-02
1495,7,10679,2006-11-02
1496,7,10847,2006-11-02
1497,7,10983,2006-11-02
1498,7,11021,2006-11-02
1499,7,11113,2006-11-02
1500,7,11119,2006-11-02
1501,7,11219,2006-11-02
1502,7,11423,2006-11-02
1503,7,11456,2006-11-02
1504,7,11642,2006-11-02
1505,7,11663,2006-11-02
1506,7,11747,2006-11-02
1507,7,11755,2006-11-02
1508,7,11774,2006-11-02
1509,7,11853,2006-11-02
1510,7,11934,2006-11-02
1511,7,11944,2006-11-02
1512,7,11966,2006-11-02
1513,7,11974,2006-11-02
1514,7,11976,2006-11-02
1515,7,12047,2006-11-02
1516,7,12308,2006-11-02
1517,7,12320,2006-11-02
1518,7,12338,2006-11-02
1519,7,12349,2006-11-02
1520,7,12392,2006-11-02
1521,7,12473,2006-11-02
1522,7,12506,2006-11-02
1523,7,12661,2006-11-02
1524,7,12705,2006-11-02
1525,7,12716,2006-11-02
1526,7,12778,2006-11-02
1527,7,12785,2006-11-02
1528,7,12868,2006-11-02
1529,7,12918,2006-11-02
1530,7,13015,2006-11-02
1531,7,13084,2006-11-02
1532,7,13107,2006-11-02
1533,7,13358,2006-11-02
1534,7,13364,2006-11-02
1535,7,13394,2006-11-02
1536,7,13406,2006-11-02
1537,7,13422,2006-11-02
1538,7,13423,2006-11-02
1539,7,13444,2006-11-02
1540,7,13446,2006-11-02
1541,7,13466,2006-11-02
1542,7,13957,2006-11-02
1543,7,14030,2006-11-02
1544,7,14411,2006-11-02
1545,7,14468,2006-11-02
1546,7,14506,2006-11-02
1547,7,14545,2006-11-02
1548,7,14626,2006-11-02
1549,7,14668,2006-11-02
1550,7,14714,2006-11-02
1551,7,14729,2006-11-02
1552,7,14761,2006-11-02
1553,7,14811,2006-11-02
1554,7,14841,2006-11-02
1555,7,14858,2006-11-02
1556,7,14886,2006-11-02
1557,7,14889,2006-11-02
1558,7,14895,2006-11-02
1559,7,14897,2006-11-02
1560,7,14918,2006-11-02
1561,7,14986,2006-11-02
1562,7,15000,2006-11-02
1563,7,15004,2006-11-02
1564,7,15022,2006-11-02
1565,7,15051,2006-11-02
1566,7,15052,2006-11-02
1567,7,15061,2006-11-02
1568,7,15128,2006-11-02
1569,7,15345,2006-11-02
1570,7,15374,2006-11-02
1571,7,15482,2006-11-02
1572,7,15518,2006-11-02
1573,7,15580,2006-11-02
1574,7,15788,2006-11-02
1575,7,15873,2006-11-02
1576,7,15913,2006-11-02
1577,7,15939,2006-11-02
1578,7,15985,2006-11-02
1579,7,16056,2006-11-02
1580,7,16069,2006-11-02
1581,7,16080,2006-11-02
1582,7,16109,2006-11-02
1583,7,16158,2006-11-02
1584,7,16165,2006-11-02
1585,7,16234,2006-11-02
1586,7,16518,2006-11-02
1587,7,16563,2006-11-02
1588,7,16681,2006-11-02
1589,7,16706,2006-11-02
1590,7,16819,2006-11-02
1591,7,16875,2006-11-02
1592,7,16914,2006-11-02
1593,7,16933,2006-11-02
1594,7,16989,2006-11-02
1595,7,17054,2006-11-02
1596,7,17056,2006-11-02
1597,7,17091,2006-11-02
1598,7,17099,2006-11-02
1599,7,17275,2006-11-02
1600,7,17288,2006-11-02
1601,7,17401,2006-11-02
1602,7,17508,2006-11-02
1603,7,17528,2006-11-02
1604,7,17570,2006-11-02
1605,7,17614,2006-11-02
1606,7,17621,2006-11-02
1607,7,17633,2006-11-02
1608,7,17664,2006-11-02
1609,7,17692,2006-11-02
1610,7,17987,2006-11-02
1611,7,18048,2006-11-02
1612,7,18096,2006-11-02
1613,7,18104,2006-11-02
1614,7,18462,2006-11-02
1615,7,18908,2006-11-02
1616,7,18920,2006-11-02
1617,7,18970,2006-11-02
1618,7,19159,2006-11-02
1619,7,19289,2006-11-02
1620,7,19531,2006-11-02
1621,7,19581,2006-11-02
1622,7,19662,2006-11-02
1623,7,19724,2006-11-02
1624,7,19918,2006-11-02
1625,7,19990,2006-11-02
1626,7,20032,2006-11-02
1627,7,20072,2006-11-02
1628,7,20090,2006-11-02
1629,7,20144,2006-11-02
1630,7,20246,2006-11-02
1631,7,20252,2006-11-02
1632,7,20298,2006-11-02
1633,7,20339,2006-11-02
1634,7,20736,2006-11-02
1635,7,20890,2006-11-02
1636,7,20921,2006-11-02
1637,7,21133,2006-11-02
1638,7,21197,2006-11-02
1639,7,21238,2006-11-02
1640,7,21285,2006-11-02
1641,7,21327,2006-11-02
1642,7,21356,2006-11-02
1643,7,21383,2006-11-02
1644,7,21429,2006-11-02
1645,7,21430,2006-11-02
1646,7,21511,2006-11-02
1647,7,22140,2006-11-02
1648,7,22166,2006-11-02
1649,7,22191,2006-11-02
1650,7,22726,2006-11-02
1651,7,23133,2006-11-02
1652,7,23175,2006-11-02
1653,7,23211,2006-11-02
1654,7,23351,2006-11-02
1655,7,23404,2006-11-02
1656,7,23629,2006-11-02
1657,7,23664,2006-11-02
1658,7,23665,2006-11-02
1659,7,23726,2006-11-02
1660,7,23745,2006-11-02
1661,7,23752,2006-11-02
1662,7,23832,2006-11-02
1663,7,24074,2006-11-02
1664,7,24096,2006-11-02
1665,7,24134,2006-11-02
1666,7,25342,2006-11-02
1667,7,25380,2006-11-02
1668,7,25426,2006-11-02
1669,7,25544,2006-11-02
1670,7,25566,2006-11-02
1671,7,25684,2006-11-02
1672,7,25790,2006-11-02
1673,7,25824,2006-11-02
1674,7,25980,2006-11-02
1675,7,26317,2006-11-02
1676,7,26887,2006-11-02
1677,7,26979,2006-11-02
1678,7,27232,2006-11-02
1679,7,27721,2006-11-02
1680,7,28447,2006-11-02
1681,7,28520,2006-11-02
1682,7,29834,2006-11-02
1683,7,29958,2006-11-02
1684,7,29986,2006-11-02
1685,7,30261,2006-11-02
1686,7,30296,2006-11-02
1687,7,30322,2006-11-02
1688,7,30354,2006-11-02
1689,7,30658,2006-11-02
1690,7,31060,2006-11-02
1691,7,31103,2006-11-02
1692,7,32649,2006-11-02
1693,7,33569,2006-11-02
1694,7,33868,2006-11-02
1695,7,34154,2006-11-02
1696,7,34200,2006-11-02
1697,7,34997,2006-11-02
1698,7,35093,2006-11-02
1699,7,35551,2006-11-02
1700,7,35559,2006-11-02
1701,7,35582,2006-11-02
1702,7,36274,2006-11-02
1703,7,36328,2006-11-02
1704,7,36947,2006-11-02
1705,7,37075,2006-11-02
1706,7,37086,2006-11-02
1707,7,37107,2006-11-02
1708,7,37137,2006-11-02
1709,7,37396,2006-11-02
1710,7,37608,2006-11-02
1711,7,37893,2006-11-02
1712,7,38640,2006-11-02
1713,7,38644,2006-11-02
1714,7,38645,2006-11-02
1715,7,38749,2006-11-02
1716,7,39702,2006-11-02
1717,7,39718,2006-11-02
1718,7,39955,2006-11-02
1719,7,40068,2006-11-02
1720,7,40423,2006-11-02
1721,7,40446,2006-11-02
1722,7,41349,2006-11-02
1723,7,41521,2006-11-02
1724,7,42063,2006-11-02
1725,7,43000,2006-11-02
1726,7,43601,2006-11-02
1727,7,43779,2006-11-02
1728,7,43884,2006-11-02
1729,7,44007,2006-11-02
1730,7,44033,2006-11-02
1731,7,44119,2006-11-02
1732,7,44699,2006-11-02
1733,7,44752,2006-11-02
1734,7,44759,2006-11-02
1735,7,45528,2006-11-02
1736,7,45919,2006-11-02
1737,7,45958,2006-11-02
1738,7,46250,2006-11-02
1739,7,46261,2006-11-02
1740,7,47006,2006-11-02
1741,7,47018,2006-11-02
1742,7,47459,2006-11-02
1743,7,47905,2006-11-02
1744,7,48730,2006-11-02
1745,7,49062,2006-11-02
1746,7,49077,2006-11-02
1747,7,49195,2006-11-02
1748,7,50392,2006-11-02
1749,7,50682,2006-11-02
1750,7,51296,2006-11-02
1751,7,52522,2006-11-02
1752,7,52795,2006-11-02
1753,7,54009,2006-11-02
1754,7,54390,2006-11-02
1755,7,54974,2006-11-02
1756,7,55928,2006-11-02
1757,7,56868,2006-11-02
1758,7,57334,2006-11-02
1759,7,58721,2006-11-02
1760,7,59470,2006-11-02
1761,7,59543,2006-11-02
1762,7,60761,2006-11-02
1763,7,60985,2006-11-02
1764,7,62371,2006-11-02
1765,7,62975,2006-11-02
1766,7,63101,2006-11-02
1767,7,64469,2006-11-02
1768,7,67422,2006-11-02
1769,7,68792,2006-11-02
1770,7,69180,2006-11-02
1771,7,69793,2006-11-02
1772,7,70325,2006-11-02
1773,7,71768,2006-11-02
1774,7,72023,2006-11-02
1775,7,72140,2006-11-02
1776,7,72441,2006-11-02
1777,7,72446,2006-11-02
1778,7,72458,2006-11-02
1779,7,73179,2006-11-02
1780,7,73181,2006-11-02
1781,7,77293,2006-11-02
1782,7,78297,2006-11-02
1783,7,78781,2006-11-02
1784,7,79019,2006-11-02
1785,7,80423,2006-11-02
1786,7,80727,2006-11-02
1787,7,81271,2006-11-02
1788,7,82188,2006-11-02
1789,7,91484,2006-11-02
1790,7,93106,2006-11-02
1791,7,96293,2006-11-02
1792,7,97131,2006-11-02
1793,7,98485,2006-11-02
1794,7,98513,2006-11-02
1795,7,99155,2006-11-02
1796,7,99898,2006-11-02
1797,7,101272,2006-11-02
1798,7,102045,2006-11-02
1799,7,102818,2006-11-02
1800,7,102822,2006-11-02
1801,7,104595,2006-11-02
1802,7,104813,2006-11-02
1803,7,107586,2006-11-02
1804,7,107753,2006-11-02
1805,7,109153,2006-11-02
1806,7,109598,2006-11-02
1807,7,112454,2006-11-02
1808,7,113443,2006-11-02
1809,7,114301,2006-11-02
1810,7,114317,2006-11-02
1811,7,115118,2006-11-02
1812,7,116702,2006-11-02
1813,7,117425,2006-11-02
1814,7,118443,2006-11-02
1815,7,128837,2006-11-02
1816,7,129019,2006-11-02
1817,7,135203,2006-11-02
1818,7,137020,2006-11-02
1819,7,143993,2006-11-02
1820,7,144042,2006-11-02
1821,7,144811,2006-11-02
1822,7,151424,2006-11-02
1823,7,157737,2006-11-02
1824,7,166215,2006-11-02
1825,7,175620,2006-11-02
1826,7,177424,2006-11-02
1827,7,177836,2006-11-02
1828,7,178140,2006-11-02
1829,7,178930,2006-11-02
1830,7,179916,2006-11-02
1831,7,182682,2006-11-02
1832,7,193839,2006-11-02
1833,7,196264,2006-11-02
1834,7,199948,2006-11-02
1835,7,200792,2006-11-02
1836,7,201309,2006-11-02
1837,7,227790,2006-11-02
1838,7,241291,2006-11-02
1839,7,253071,2006-11-02
1840,7,259982,2006-11-02
1841,7,260656,2006-11-02
1842,7,265281,2006-11-02
1843,7,272433,2006-11-02
1844,7,287467,2006-11-02
1845,7,318172,2006-11-02
1846,7,358886,2006-11-02
1847,7,374032,2006-11-02
1848,7,375555,2006-11-02
1849,7,377824,2006-11-02
1850,7,407137,2006-11-02
1851,7,416988,2006-11-02
1852,7,421796,2006-11-02
1853,7,451285,2006-11-02
1854,7,493030,2006-11-02
1855,7,518779,2006-11-02
1856,7,572771,2006-11-02
1857,7,577038,2006-11-02
1858,7,585429,2006-11-02
1859,7,626198,2006-11-02
1860,7,626446,2006-11-02
1861,7,626559,2006-11-02
1862,7,639933,2006-11-02
1863,7,639934,2006-11-02
1864,7,673250,2006-11-02
1865,7,721344,2006-11-02
1866,7,725968,2006-11-02
1867,7,728850,2006-11-02
1868,7,973914,2006-11-02
1869,7,975179,2006-11-02
1870,7,975864,2006-11-02
1871,7,975929,2006-11-02
1872,7,976500,2006-11-02
1873,7,979656,2006-11-02
1874,7,979727,2006-11-02
1875,7,979882,2006-11-02
1876,7,979948,2006-11-02
1877,7,984316,2006-11-02
1878,7,988812,2006-11-02
1879,7,989397,2006-11-02
1880,7,997782,2006-11-02
1881,7,1021544,2006-11-02
1882,7,1023543,2006-11-02
1883,7,1076366,2006-11-02
1884,7,1094947,2006-11-02
1885,7,1131036,2006-11-02
1886,7,1148715,2006-11-02
1887,7,1152459,2006-11-02
1888,7,1152522,2006-11-02
1889,7,1156265,2006-11-02
1890,7,1159948,2006-11-02
1891,7,1187450,2006-11-02
1892,7,1211046,2006-11-02
1893,7,1249061,2006-11-02
1894,7,1249854,2006-11-02
1895,7,1266517,2006-11-02
1896,7,1301484,2006-11-02
1897,7,1309484,2006-11-02
1898,7,1312985,2006-11-02
1899,7,1383037,2006-11-02
1900,7,1407412,2006-11-02
1901,7,1427547,2006-11-02
1902,7,1427548,2006-11-02
1903,8,662148,2006-11-02
1904,8,794106,2006-11-02
1905,8,820854,2006-11-02
1906,9,2,2006-11-02
1907,9,3,2006-11-02
1908,9,4,2006-11-02
1909,9,153356,2006-11-02
1910,9,153364,2006-11-02
1911,9,176624,2006-11-02
1912,9,295938,2006-11-02
1913,9,851720,2006-11-02
1914,9,1428464,2006-11-02
1915,10,3,2006-11-02
1916,10,313538,2006-11-02
1917,10,394932,2006-11-02
1918,10,394933,2006-11-02
1919,10,394934,2006-11-02
1920,10,1427355,2006-11-02
1921,10,1427357,2006-11-02
1922,10,1427359,2006-11-02
1923,10,1427362,2006-11-02
1924,10,1427364,2006-11-02
1925,10,1427366,2006-11-02
1926,10,1427367,2006-11-02
1927,10,1427369,2006-11-02
1928,11,16,2006-11-02
1929,11,18,2006-11-02
1930,11,23,2006-11-02
1931,11,49,2006-11-02
1932,11,55,2006-11-02
1933,11,68,2006-11-02
1934,11,73,2006-11-02
1935,11,96,2006-11-02
1936,11,109,2006-11-02
1937,11,110,2006-11-02
1938,11,118,2006-11-02
1939,11,167,2006-11-02
1940,11,218,2006-11-02
1941,11,222,2006-11-02
1942,11,246,2006-11-02
1943,11,255,2006-11-02
1944,11,295,2006-11-02
1945,11,298,2006-11-02
1946,11,300,2006-11-02
1947,11,321,2006-11-02
1948,11,337,2006-11-02
1949,11,351,2006-11-02
1950,11,361,2006-11-02
1951,11,395,2006-11-02
1952,11,399,2006-11-02
1953,11,407,2006-11-02
1954,11,423,2006-11-02
1955,11,426,2006-11-02
1956,11,438,2006-11-02
1957,11,454,2006-11-02
1958,11,457,2006-11-02
1959,11,460,2006-11-02
1960,11,468,2006-11-02
1961,11,469,2006-11-02
1962,11,471,2006-11-02
1963,11,486,2006-11-02
1964,11,522,2006-11-02
1965,11,537,2006-11-02
1966,11,563,2006-11-02
1967,11,571,2006-11-02
1968,11,632,2006-11-02
1969,11,634,2006-11-02
1970,11,654,2006-11-02
1971,11,685,2006-11-02
1972,11,695,2006-11-02
1973,11,697,2006-11-02
1974,11,706,2006-11-02
1975,11,736,2006-11-02
1976,11,742,2006-11-02
1977,11,747,2006-11-02
1978,11,759,2006-11-02
1979,11,800,2006-11-02
1980,11,844,2006-11-02
1981,11,858,2006-11-02
1982,11,860,2006-11-02
1983,11,879,2006-11-02
1984,11,885,2006-11-02
1985,11,969,2006-11-02
1986,11,979,2006-11-02
1987,11,984,2006-11-02
1988,11,988,2006-11-02
1989,11,992,2006-11-02
1990,11,1008,2006-11-02
1991,11,1029,2006-11-02
1992,11,1043,2006-11-02
1993,11,1048,2006-11-02
1994,11,1066,2006-11-02
1995,11,1116,2006-11-02
1996,11,1140,2006-11-02
1997,11,1169,2006-11-02
1998,11,1184,2006-11-02
1999,11,1194,2006-11-02
