From,To
1,3
1,4
1,5
1,6
1,7
1,8
1,9
1,794106
1,1427826
1,1427827
2,3
2,4
2,7
2,9
2,23
2,55
2,175
2,187
2,270
2,638
2,645
2,662
2,695
2,747
2,919
2,946
2,983
2,1005
2,1088
2,1114
2,1142
2,1150
2,1187
2,1208
2,1324
2,1383
2,1467
2,1546
2,1575
2,1637
2,1906
2,1952
2,1955
2,2040
2,2085
2,2099
2,2122
2,2225
2,2226
2,2293
2,2364
2,2439
2,2508
2,2712
2,2944
2,3041
2,3061
2,3167
2,3177
2,3339
2,3417
2,3566
2,4132
2,4203
2,4241
2,4250
2,4408
2,4464
2,4531
2,4589
2,4603
2,4644
2,4654
2,4686
2,4769
2,4893
2,4918
2,4973
2,5210
2,5649
2,5658
2,5798
2,5846
2,6186
2,6242
2,6643
2,6880
2,7100
2,7130
2,7153
2,7257
2,7268
2,7278
2,7342
2,7373
2,7729
2,8014
2,8057
2,8096
2,8148
2,8244
2,8361
2,8506
2,8674
2,8974
2,9578
2,9751
2,9763
2,9795
2,9845
2,9950
2,10002
2,10130
2,11229
2,11400
2,11570
2,11627
2,11760
2,11887
2,12014
2,12206
2,12219
2,12641
2,12947
2,12971
2,13012
2,13039
2,13087
2,13126
2,13168
2,13390
2,13558
2,14193
2,14269
2,14380
2,14649
2,14785
2,15129
2,15486
2,15732
2,15739
2,15849
2,15863
2,15868
2,15871
2,15872
2,15874
2,15876
2,15877
2,15884
2,15885
2,15886
2,15887
2,15890
2,15891
2,15894
2,15895
2,15904
2,15905
2,15908
2,15911
2,15919
2,15922
2,15925
2,15941
2,15946
2,15954
2,15960
2,15961
2,15962
2,15967
2,15971
2,15972
2,15973
2,15976
2,15979
2,15983
2,15990
2,15991
2,15994
2,16000
2,16003
2,16008
2,16014
2,16016
2,16018
2,16019
2,16021
2,16025
2,16135
2,16553
2,16970
2,17525
2,17546
2,17613
2,17616
2,17762
2,17820
2,18068
2,18397
2,18592
2,19124
2,19476
2,19520
2,19556
2,19708
2,20635
2,20773
2,20774
2,20789
2,21395
2,22366
2,23230
2,23638
2,23675
2,24637
2,24704
2,25943
2,26978
2,27014
2,27023
2,27599
2,28658
2,28837
2,32660
2,33309
2,33918
2,34203
2,35015
2,35154
2,35559
2,38548
2,38584
2,40025
2,41077
2,42526
2,44298
2,44759
2,46262
2,48980
2,51357
2,51829
2,57671
2,58143
2,58502
2,58504
2,59442
2,61050
2,61595
2,61668
2,63102
2,66882
2,70487
2,73989
2,74212
2,74471
2,74474
2,76923
2,78656
2,84743
2,86081
2,91937
2,95010
2,97660
2,98195
2,104875
2,109455
2,110828
2,118528
2,125944
2,126509
2,128131
2,129975
2,131289
2,134278
2,136529
2,141300
2,145069
2,145316
2,153356
2,153357
2,153358
2,153359
2,153360
2,153362
2,153363
2,153364
2,153365
2,153366
2,159362
2,159646
2,166067
2,169455
2,169736
2,172146
2,176624
2,194815
2,206760
2,215470
2,217380
2,235739
2,243158
2,243238
2,246171
2,252314
2,253928
2,254896
2,264162
2,284377
2,292796
2,293980
2,295908
2,295909
2,295910
2,295911
2,295912
2,295913
2,295914
2,295915
2,295916
2,295917
2,295918
2,295919
2,295920
2,295922
2,295923
2,295924
2,295926
2,295927
2,295928
2,295929
2,295930
2,295931
2,295932
2,295935
2,295936
2,295937
2,295938
2,295939
2,295940
2,324210
2,391240
2,408148
2,457243
2,517587
2,531521
2,549071
2,562716
2,736871
2,737509
2,975929
2,977071
2,978040
2,981228
2,989526
2,1001620
2,1052064
2,1055076
2,1055100
2,1055101
2,1055103
2,1104158
2,1152522
2,1156422
2,1263383
2,1271384
2,1383736
2,1419318
2,1427413
2,1427414
2,1427415
2,1427417
3,2
3,4
3,10
4,2
4,3
4,7
4,9
4,23
4,55
4,350
4,461
4,588
4,618
4,622
4,697
4,906
4,926
4,983
4,1008
4,1040
4,1124
4,1142
4,1228
4,1284
4,1298
4,1418
4,1467
4,1532
4,1609
4,1634
4,1635
4,1695
4,1809
4,1826
4,1952
4,2011
4,2299
4,2360
4,2402
4,2446
4,2488
4,2574
4,2686
4,2708
4,2944
4,3177
4,3383
4,3568
4,3688
4,4068
4,4079
4,4132
4,4206
4,4397
4,4408
4,4531
4,4644
4,4893
4,5222
4,5295
4,5453
4,5798
4,6207
4,6756
4,6880
4,7031
4,7268
4,8057
4,8090
4,8212
4,8746
4,8913
4,9388
4,10065
4,10988
4,11966
4,11976
4,12231
4,12947
4,12971
4,13142
4,13390
4,13883
4,14130
4,14181
4,14514
4,14649
4,14769
4,14897
4,14981
4,15799
4,15905
4,15972
4,16236
4,17613
4,17762
4,18058
4,19708
4,20092
4,21193
4,22591
4,24637
4,27599
4,30483
4,35034
4,40553
4,52953
4,68490
4,74972
4,76434
4,131289
4,134972
4,141300
4,153356
4,153357
4,153358
4,153359
4,153360
4,153361
4,153362
4,153363
4,153364
4,153365
4,153366
4,154103
4,163018
4,268443
4,295938
4,737509
4,977071
4,1055100
4,1133340
4,1271185
4,1340948
4,1419318
4,1427413
4,1427415
4,1427417
4,1427846
5,794106
6,11
6,12
6,13
6,14
6,15
6,16
6,17
6,18
6,19
6,20
6,21
6,22
6,23
6,24
6,25
6,26
6,27
6,28
6,29
6,30
6,31
6,32
6,33
6,34
6,35
6,36
6,37
6,38
6,39
6,40
6,41
6,42
6,43
6,45
6,46
6,47
6,48
6,49
6,50
6,51
6,52
6,53
6,54
6,55
6,56
6,57
6,58
6,59
6,60
6,61
6,62
6,63
6,64
6,65
6,66
6,67
6,68
6,69
6,70
6,71
6,72
6,73
6,74
6,75
6,76
6,77
6,78
6,79
6,80
6,81
6,82
6,83
6,84
6,85
6,86
6,87
6,88
6,89
6,90
6,91
6,92
6,93
6,94
6,95
6,96
6,97
6,98
6,99
6,100
6,101
6,102
6,103
6,104
6,105
6,106
6,107
6,108
6,109
6,110
6,111
6,112
6,113
6,114
6,115
6,116
6,117
6,118
6,119
6,120
6,121
6,122
6,123
6,124
6,125
6,126
6,127
6,128
6,129
6,130
6,131
6,132
6,133
6,134
6,135
6,136
6,137
6,138
6,139
6,140
6,141
6,142
6,143
6,144
6,145
6,146
6,147
6,148
6,149
6,150
6,151
6,152
6,153
6,154
6,155
6,156
6,157
6,158
6,159
6,160
6,161
6,162
6,163
6,165
6,166
6,167
6,168
6,169
6,170
6,171
6,172
6,173
6,174
6,175
6,176
6,177
6,178
6,179
6,180
6,181
6,182
6,183
6,184
6,185
6,186
6,187
6,188
6,189
6,190
6,191
6,192
6,193
6,194
6,195
6,196
6,197
6,198
6,199
6,200
6,201
6,202
6,203
6,204
6,205
6,206
6,207
6,208
6,209
6,210
6,211
6,212
6,213
6,214
6,215
6,216
6,217
6,218
6,219
6,220
6,221
6,222
6,223
6,224
6,225
6,226
6,227
6,228
6,229
6,230
6,231
6,232
6,233
6,234
6,235
6,236
6,237
6,238
6,239
6,240
6,241
6,242
6,243
6,244
6,245
6,246
6,247
6,248
6,249
6,250
6,251
6,252
6,253
6,254
6,255
6,256
6,257
6,258
6,259
6,260
6,261
6,262
6,263
6,264
6,265
6,266
6,267
6,268
6,269
6,270
6,271
6,272
6,273
6,274
6,275
6,276
6,277
6,278
6,279
6,280
6,281
6,282
6,283
6,284
6,285
6,286
6,287
6,288
6,289
6,290
6,291
6,292
6,293
6,294
6,295
6,296
6,297
6,298
6,299
6,300
6,301
6,302
6,303
6,304
6,305
6,306
6,307
6,308
6,309
6,310
6,311
6,312
6,313
6,314
6,315
6,316
6,317
6,318
6,319
6,320
6,321
6,322
6,323
6,324
6,325
6,327
6,328
6,329
6,330
6,331
6,332
6,333
6,334
6,335
6,336
6,337
6,338
6,339
6,340
6,341
6,342
6,343
6,344
6,345
6,346
6,3574
6,4492
6,5235
6,8811
6,10160
6,11451
6,16404
6,19188
6,19328
6,19340
6,19362
6,19400
6,23062
6,46074
6,50540
6,60551
6,68362
6,120703
6,153172
6,184742
6,214438
6,239315
6,259406
6,259407
6,301988
6,340215
6,537726
6,575136
6,575137
6,585667
6,594687
6,974885
6,976250
6,979534
6,985130
6,1013301
6,1013322
6,1131667
6,1143563
6,1143569
6,1383501
6,1427496
6,1427497
7,16
7,23
7,35
7,43
7,55
7,56
7,58
7,68
7,92
7,95
7,96
7,98
7,104
7,110
7,115
7,118
7,119
7,122
7,133
7,148
7,182
7,196
7,204
7,212
7,218
7,227
7,228
7,248
7,251
7,255
7,270
7,275
7,296
7,306
7,321
7,343
7,347
7,361
7,374
7,376
7,391
7,419
7,424
7,450
7,451
7,453
7,472
7,477
7,491
7,493
7,502
7,514
7,538
7,540
7,576
7,581
7,588
7,589
7,600
7,601
7,613
7,622
7,629
7,636
7,645
7,647
7,664
7,674
7,675
7,676
7,695
7,697
7,706
7,724
7,736
7,738
7,739
7,740
7,747
7,759
7,766
7,767
7,770
7,830
7,834
7,836
7,837
7,838
7,844
7,869
7,883
7,888
7,892
7,905
7,919
7,924
7,926
7,929
7,938
7,947
7,954
7,967
7,968
7,969
7,971
7,972
7,973
7,974
7,976
7,980
7,982
7,984
7,985
7,987
7,988
7,989
7,992
7,995
7,999
7,1003
7,1006
7,1011
7,1012
7,1013
7,1014
7,1015
7,1029
7,1032
7,1036
7,1040
7,1043
7,1049
7,1057
7,1059
7,1062
7,1066
7,1073
7,1079
7,1087
7,1090
7,1091
7,1093
7,1094
7,1115
7,1117
7,1119
7,1120
7,1124
7,1130
7,1134
7,1138
7,1140
7,1145
7,1150
7,1157
7,1159
7,1161
7,1164
7,1172
7,1173
7,1174
7,1178
7,1184
7,1192
7,1194
7,1195
7,1198
7,1202
7,1216
7,1218
7,1220
7,1223
7,1226
7,1228
7,1229
7,1241
7,1242
7,1246
7,1255
7,1256
7,1265
7,1267
7,1272
7,1276
7,1279
7,1281
7,1283
7,1288
7,1295
7,1299
7,1303
7,1312
7,1317
7,1320
7,1331
7,1333
7,1342
7,1345
7,1354
7,1356
7,1385
7,1394
7,1395
7,1396
7,1404
7,1405
7,1408
7,1409
7,1410
7,1418
7,1425
7,1426
7,1427
7,1442
7,1444
7,1457
7,1460
7,1467
7,1468
7,1474
7,1476
7,1477
7,1488
7,1502
7,1510
7,1513
7,1514
7,1525
7,1527
7,1532
7,1536
7,1559
7,1566
7,1591
7,1595
7,1605
7,1612
7,1616
7,1634
7,1635
7,1637
7,1641
7,1648
7,1665
7,1667
7,1672
7,1674
7,1675
7,1677
7,1690
7,1691
7,1692
7,1694
7,1695
7,1703
7,1709
7,1713
7,1721
7,1722
7,1725
7,1734
7,1745
7,1769
7,1775
7,1808
7,1826
7,1868
7,1870
7,1893
7,1901
7,1910
7,1952
7,1986
7,2014
7,2024
7,2029
7,2037
7,2039
7,2042
7,2052
7,2054
7,2068
7,2079
7,2137
7,2161
7,2173
7,2214
7,2220
7,2236
7,2240
7,2247
7,2251
7,2260
7,2274
7,2289
7,2297
7,2299
7,2307
7,2341
7,2342
7,2364
7,2365
7,2370
7,2388
7,2392
7,2400
7,2402
7,2408
7,2414
7,2416
7,2418
7,2432
7,2433
7,2435
7,2436
7,2437
7,2458
7,2462
7,2466
7,2471
7,2485
7,2488
7,2508
7,2520
7,2541
7,2548
7,2551
7,2564
7,2596
7,2598
7,2623
7,2639
7,2640
7,2655
7,2657
7,2666
7,2693
7,2699
7,2738
7,2754
7,2765
7,2827
7,2864
7,2918
7,2985
7,3011
7,3041
7,3043
7,3059
7,3060
7,3086
7,3093
7,3096
7,3097
7,3117
7,3123
7,3126
7,3141
7,3147
7,3175
7,3177
7,3198
7,3221
7,3282
7,3294
7,3307
7,3311
7,3345
7,3355
7,3370
7,3374
7,3383
7,3393
7,3399
7,3408
7,3451
7,3489
7,3506
7,3511
7,3521
7,3528
7,3542
7,3551
7,3555
7,3564
7,3566
7,3568
7,3583
7,3584
7,3591
7,3595
7,3599
7,3612
7,3667
7,3675
7,3700
7,3731
7,3732
7,3766
7,3816
7,3848
7,4059
7,4061
7,4062
7,4064
7,4074
7,4084
7,4094
7,4106
7,4109
7,4125
7,4128
7,4131
7,4135
7,4144
7,4150
7,4158
7,4184
7,4185
7,4195
7,4201
7,4204
7,4215
7,4220
7,4237
7,4249
7,4250
7,4271
7,4282
7,4419
7,4552
7,4554
7,4573
7,4574
7,4594
7,4612
7,4613
7,4619
7,4644
7,4659
7,4663
7,4686
7,4696
7,4697
7,4732
7,4750
7,4767
7,4776
7,4816
7,4837
7,4855
7,4879
7,4881
7,4894
7,4901
7,4923
7,4941
7,4954
7,4965
7,5164
7,5186
7,5194
7,5209
7,5217
7,5219
7,5224
7,5235
7,5247
7,5251
7,5263
7,5265
7,5335
7,5344
7,5355
7,5386
7,5404
7,5422
7,5475
7,5480
7,5492
7,5525
7,5551
7,5600
7,5602
7,5612
7,5649
7,5819
7,6026
7,6095
7,6108
7,6145
7,6162
7,6167
7,6171
7,6197
7,6209
7,6315
7,6334
7,6335
7,6358
7,6361
7,6446
7,6497
7,6534
7,6754
7,6776
7,6779
7,6799
7,6822
7,6864
7,6902
7,6942
7,6957
7,6958
7,6970
7,7023
7,7047
7,7048
7,7130
7,7150
7,7173
7,7179
7,7233
7,7241
7,7304
7,7398
7,7400
7,7450
7,7453
7,7457
7,7579
7,7607
7,7626
7,7635
7,7652
7,7653
7,7679
7,7755
7,7762
7,7830
7,8001
7,8009
7,8014
7,8017
7,8035
7,8090
7,8211
7,8343
7,8390
7,8414
7,8563
7,8598
7,8626
7,8627
7,8629
7,8658
7,8707
7,8741
7,8907
7,8916
7,8926
7,9116
7,9123
7,9703
7,9747
7,9755
7,9760
7,9951
7,9959
7,9995
7,10002
7,10081
7,10092
7,10094
7,10100
7,10112
7,10116
7,10135
7,10140
7,10147
7,10156
7,10167
7,10170
7,10206
7,10222
7,10239
7,10280
7,10291
7,10320
7,10356
7,10361
7,10372
7,10378
7,10385
7,10389
7,10396
7,10398
7,10399
7,10404
7,10408
7,10421
7,10422
7,10423
7,10617
7,10638
7,10640
7,10667
7,10679
7,10847
7,10983
7,11021
7,11113
7,11119
7,11219
7,11423
7,11456
7,11642
7,11663
7,11747
7,11755
7,11774
7,11853
7,11934
7,11944
7,11966
7,11974
7,11976
7,12047
7,12308
7,12320
7,12338
7,12349
7,12392
7,12473
7,12506
7,12661
7,12705
7,12716
7,12778
7,12785
7,12868
7,12918
7,13015
7,13084
7,13107
7,13358
7,13364
7,13394
7,13406
7,13422
7,13423
7,13444
7,13446
7,13466
7,13957
7,14030
7,14411
7,14468
7,14506
7,14545
7,14626
7,14668
7,14714
7,14729
7,14761
7,14811
7,14841
7,14858
7,14886
7,14889
7,14895
7,14897
7,14918
7,14986
7,15000
7,15004
7,15022
7,15051
7,15052
7,15061
7,15128
7,15345
7,15374
7,15482
7,15518
7,15580
7,15788
7,15873
7,15913
7,15939
7,15985
7,16056
7,16069
7,16080
7,16109
7,16158
7,16165
7,16234
7,16518
7,16563
7,16681
7,16706
7,16819
7,16875
7,16914
7,16933
7,16989
7,17054
7,17056
7,17091
7,17099
7,17275
7,17288
7,17401
7,17508
7,17528
7,17570
7,17614
7,17621
7,17633
7,17664
7,17692
7,17987
7,18048
7,18096
7,18104
7,18462
7,18908
7,18920
7,18970
7,19159
7,19289
7,19531
7,19581
7,19662
7,19724
7,19918
7,19990
7,20032
7,20072
7,20090
7,20144
7,20246
7,20252
7,20298
7,20339
7,20736
7,20890
7,20921
7,21133
7,21197
7,21238
7,21285
7,21327
7,21356
7,21383
7,21429
7,21430
7,21511
7,22140
7,22166
7,22191
7,22726
7,23133
7,23175
7,23211
7,23351
7,23404
7,23629
7,23664
7,23665
7,23726
7,23745
7,23752
7,23832
7,24074
7,24096
7,24134
7,25342
7,25380
7,25426
7,25544
7,25566
7,25684
7,25790
7,25824
7,25980
7,26317
7,26887
7,26979
7,27232
7,27721
7,28447
7,28520
7,29834
7,29958
7,29986
7,30261
7,30296
7,30322
7,30354
7,30658
7,31060
7,31103
7,32649
7,33569
7,33868
7,34154
7,34200
7,34997
7,35093
7,35551
7,35559
7,35582
7,36274
7,36328
7,36947
7,37075
7,37086
7,37107
7,37137
7,37396
7,37608
7,37893
7,38640
7,38644
7,38645
7,38749
7,39702
7,39718
7,39955
7,40068
7,40423
7,40446
7,41349
7,41521
7,42063
7,43000
7,43601
7,43779
7,43884
7,44007
7,44033
7,44119
7,44699
7,44752
7,44759
7,45528
7,45919
7,45958
7,46250
7,46261
7,47006
7,47018
7,47459
7,47905
7,48730
7,49062
7,49077
7,49195
7,50392
7,50682
7,51296
7,52522
7,52795
7,54009
7,54390
7,54974
7,55928
7,56868
7,57334
7,58721
7,59470
7,59543
7,60761
7,60985
7,62371
7,62975
7,63101
7,64469
7,67422
7,68792
7,69180
7,69793
7,70325
7,71768
7,72023
7,72140
7,72441
7,72446
7,72458
7,73179
7,73181
7,77293
7,78297
7,78781
7,79019
7,80423
7,80727
7,81271
7,82188
7,91484
7,93106
7,96293
7,97131
7,98485
7,98513
7,99155
7,99898
7,101272
7,102045
7,102818
7,102822
7,104595
7,104813
7,107586
7,107753
7,109153
7,109598
7,112454
7,113443
7,114301
7,114317
7,115118
7,116702
7,117425
7,118443
7,128837
7,129019
7,135203
7,137020
7,143993
7,144042
7,144811
7,151424
7,157737
7,166215
7,175620
7,177424
7,177836
7,178140
7,178930
7,179916
7,182682
7,193839
7,196264
7,199948
7,200792
7,201309
7,227790
7,241291
7,253071
7,259982
7,260656
7,265281
7,272433
7,287467
7,318172
7,358886
7,374032
7,375555
7,377824
7,407137
7,416988
7,421796
7,451285
7,493030
7,518779
7,572771
7,577038
7,585429
7,626198
7,626446
7,626559
7,639933
7,639934
7,673250
7,721344
7,725968
7,728850
7,973914
7,975179
7,975864
7,975929
7,976500
7,979656
7,979727
7,979882
7,979948
7,984316
7,988812
7,989397
7,997782
7,1021544
7,1023543
7,1076366
7,1094947
7,1131036
7,1148715
7,1152459
7,1152522
7,1156265
7,1159948
7,1187450
7,1211046
7,1249061
7,1249854
7,1266517
7,1301484
7,1309484
7,1312985
7,1383037
7,1407412
7,1427547
7,1427548
8,662148
8,794106
8,820854
9,2
9,3
9,4
9,153356
9,153364
9,176624
9,295938
9,851720
9,1428464
10,3
10,313538
10,394932
10,394933
10,394934
10,1427355
10,1427357
10,1427359
10,1427362
10,1427364
10,1427366
10,1427367
10,1427369
11,16
11,18
11,23
11,49
11,55
11,68
11,73
11,96
11,109
11,110
11,118
11,167
11,218
11,222
11,246
11,255
11,295
11,298
11,300
11,321
11,337
11,351
11,361
11,395
11,399
11,407
11,423
11,426
11,438
11,454
11,457
11,460
11,468
11,469
11,471
11,486
11,522
11,537
11,563
11,571
11,632
11,634
11,654
11,685
11,695
11,697
11,706
11,736
11,742
11,747
11,759
11,800
11,844
11,858
11,860
11,879
11,885
11,969
11,979
11,984
11,988
11,992
11,1008
11,1029
11,1043
11,1048
11,1066
11,1116
11,1140
11,1169
11,1184
11,1194
